city,year,month,day,temp_max,temp_min
さいたま,2017,1,1,5.8,14.0
さいたま,2017,1,2,5.2,12.7
さいたま,2017,1,3,6.4,13.1
さいたま,2017,1,4,7.0,14.0
さいたま,2017,1,5,5.7,9.5
さいたま,2017,1,6,3.5,9.1
さいたま,2017,1,7,2.1,8.7
さいたま,2017,1,8,2.1,6.0
さいたま,2017,1,9,7.6,12.6
さいたま,2017,1,10,7.6,12.0
さいたま,2017,1,11,6.4,10.6
さいたま,2017,1,12,3.9,11.1
さいたま,2017,1,13,3.5,10.8
さいたま,2017,1,14,0.9,6.1
さいたま,2017,1,15,-0.1,4.3
さいたま,2017,1,16,1.3,7.4
さいたま,2017,1,17,4.2,10.1
さいたま,2017,1,18,3.5,9.7
さいたま,2017,1,19,4.3,10.4
さいたま,2017,1,20,1.7,3.5
さいたま,2017,1,21,4.6,10.1
さいたま,2017,1,22,4.1,10.8
さいたま,2017,1,23,2.9,6.9
さいたま,2017,1,24,1.0,7.2
さいたま,2017,1,25,2.0,8.7
さいたま,2017,1,26,3.5,10.5
さいたま,2017,1,27,4.6,16.7
さいたま,2017,1,28,6.6,12.7
さいたま,2017,1,29,6.8,11.8
さいたま,2017,1,30,9.2,17.4
さいたま,2017,1,31,4.9,9.0
さいたま,2017,2,1,4.3,9.6
さいたま,2017,2,2,3.8,9.4
さいたま,2017,2,3,6.2,12.2
さいたま,2017,2,4,7.6,13.5
さいたま,2017,2,5,5.4,9.4
さいたま,2017,2,6,7.6,14.2
さいたま,2017,2,7,4.4,9.5
さいたま,2017,2,8,5.0,10.1
さいたま,2017,2,9,1.8,3.9
さいたま,2017,2,10,3.6,7.6
さいたま,2017,2,11,2.3,8.5
さいたま,2017,2,12,3.9,10.1
さいたま,2017,2,13,5.0,11.0
さいたま,2017,2,14,5.0,11.0
さいたま,2017,2,15,5.2,11.8
さいたま,2017,2,16,5.9,14.0
さいたま,2017,2,17,11.2,22.0
さいたま,2017,2,18,7.6,10.0
さいたま,2017,2,19,5.2,10.3
さいたま,2017,2,20,7.4,15.5
さいたま,2017,2,21,5.0,8.4
さいたま,2017,2,22,6.1,10.9
さいたま,2017,2,23,9.8,16.8
さいたま,2017,2,24,6.6,10.5
さいたま,2017,2,25,6.9,12.1
さいたま,2017,2,26,8.2,13.7
さいたま,2017,2,27,6.2,9.9
さいたま,2017,2,28,5.5,10.0
さいたま,2017,3,1,6.4,10.7
さいたま,2017,3,2,6.5,8.2
さいたま,2017,3,3,7.2,14.0
さいたま,2017,3,4,7.9,14.4
さいたま,2017,3,5,9.1,15.4
さいたま,2017,3,6,8.6,11.6
さいたま,2017,3,7,5.9,9.9
さいたま,2017,3,8,4.5,11.0
さいたま,2017,3,9,6.3,13.2
さいたま,2017,3,10,7.1,12.9
さいたま,2017,3,11,7.4,13.0
さいたま,2017,3,12,6.9,12.2
さいたま,2017,3,13,7.9,11.1
さいたま,2017,3,14,8.1,11.1
さいたま,2017,3,15,5.5,7.6
さいたま,2017,3,16,7.4,14.4
さいたま,2017,3,17,8.4,14.2
さいたま,2017,3,18,9.1,14.9
さいたま,2017,3,19,10.4,17.3
さいたま,2017,3,20,12.3,17.7
さいたま,2017,3,21,9.3,13.1
さいたま,2017,3,22,8.9,13.6
さいたま,2017,3,23,8.4,14.2
さいたま,2017,3,24,7.6,11.9
さいたま,2017,3,25,7.5,12.4
さいたま,2017,3,26,5.5,7.8
さいたま,2017,3,27,5.3,9.5
さいたま,2017,3,28,8.2,13.3
さいたま,2017,3,29,8.7,13.8
さいたま,2017,3,30,11.0,18.0
さいたま,2017,3,31,8.7,11.8
さいたま,2017,4,1,6.5,9.0
さいたま,2017,4,2,8.4,13.4
さいたま,2017,4,3,9.4,15.3
さいたま,2017,4,4,11.0,17.3
さいたま,2017,4,5,13.8,21.2
さいたま,2017,4,6,15.7,20.9
さいたま,2017,4,7,18.1,22.1
さいたま,2017,4,8,14.2,15.6
さいたま,2017,4,9,13.8,15.7
さいたま,2017,4,10,10.8,15.4
さいたま,2017,4,11,7.5,10.6
さいたま,2017,4,12,13.7,19.5
さいたま,2017,4,13,11.5,16.6
さいたま,2017,4,14,14.0,22.0
さいたま,2017,4,15,16.8,23.3
さいたま,2017,4,16,18.4,26.4
さいたま,2017,4,17,18.0,25.4
さいたま,2017,4,18,19.1,26.5
さいたま,2017,4,19,16.5,24.5
さいたま,2017,4,20,15.5,20.0
さいたま,2017,4,21,15.3,18.9
さいたま,2017,4,22,14.3,18.4
さいたま,2017,4,23,13.9,19.3
さいたま,2017,4,24,14.7,19.6
さいたま,2017,4,25,15.7,21.1
さいたま,2017,4,26,16.1,19.7
さいたま,2017,4,27,15.6,20.0
さいたま,2017,4,28,14.9,21.3
さいたま,2017,4,29,15.3,22.9
さいたま,2017,4,30,17.1,24.7
さいたま,2017,5,1,16.1,22.9
さいたま,2017,5,2,16.6,22.3
さいたま,2017,5,3,16.6,22.9
さいたま,2017,5,4,18.1,23.0
さいたま,2017,5,5,19.9,26.1
さいたま,2017,5,6,21.6,27.9
さいたま,2017,5,7,19.9,25.1
さいたま,2017,5,8,20.5,29.0
さいたま,2017,5,9,19.0,22.5
さいたま,2017,5,10,16.5,17.8
さいたま,2017,5,11,21.2,27.6
さいたま,2017,5,12,21.6,28.4
さいたま,2017,5,13,17.7,20.2
さいたま,2017,5,14,18.0,20.1
さいたま,2017,5,15,17.4,20.5
さいたま,2017,5,16,18.9,23.3
さいたま,2017,5,17,16.8,18.5
さいたま,2017,5,18,18.1,23.2
さいたま,2017,5,19,20.1,27.0
さいたま,2017,5,20,22.4,30.5
さいたま,2017,5,21,24.2,32.1
さいたま,2017,5,22,24.1,31.5
さいたま,2017,5,23,22.7,28.3
さいたま,2017,5,24,21.9,25.4
さいたま,2017,5,25,20.3,22.5
さいたま,2017,5,26,18.1,19.3
さいたま,2017,5,27,19.4,22.6
さいたま,2017,5,28,21.0,26.7
さいたま,2017,5,29,21.8,28.2
さいたま,2017,5,30,23.8,31.1
さいたま,2017,5,31,24.0,29.0
さいたま,2017,6,1,23.0,27.1
さいたま,2017,6,2,22.1,29.0
さいたま,2017,6,3,20.3,27.2
さいたま,2017,6,4,20.0,25.7
さいたま,2017,6,5,19.9,26.2
さいたま,2017,6,6,20.1,24.9
さいたま,2017,6,7,20.6,23.8
さいたま,2017,6,8,22.5,26.1
さいたま,2017,6,9,23.5,28.4
さいたま,2017,6,10,24.2,30.9
さいたま,2017,6,11,21.4,26.4
さいたま,2017,6,12,20.5,25.9
さいたま,2017,6,13,16.9,19.0
さいたま,2017,6,14,19.9,25.7
さいたま,2017,6,15,21.6,27.4
さいたま,2017,6,16,22.8,30.0
さいたま,2017,6,17,22.2,28.1
さいたま,2017,6,18,20.2,23.5
さいたま,2017,6,19,23.8,31.8
さいたま,2017,6,20,23.6,29.7
さいたま,2017,6,21,21.9,23.6
さいたま,2017,6,22,24.1,28.3
さいたま,2017,6,23,24.7,31.0
さいたま,2017,6,24,24.8,30.2
さいたま,2017,6,25,23.2,26.0
さいたま,2017,6,26,24.0,28.0
さいたま,2017,6,27,23.6,26.7
さいたま,2017,6,28,23.3,26.3
さいたま,2017,6,29,25.4,30.4
さいたま,2017,6,30,24.0,25.9
さいたま,2017,7,1,23.1,24.4
さいたま,2017,7,2,26.7,32.9
さいたま,2017,7,3,28.8,34.4
さいたま,2017,7,4,26.4,28.4
さいたま,2017,7,5,26.6,32.2
さいたま,2017,7,6,26.3,31.3
さいたま,2017,7,7,27.3,33.1
さいたま,2017,7,8,28.3,34.7
さいたま,2017,7,9,28.4,34.4
さいたま,2017,7,10,28.1,34.5
さいたま,2017,7,11,28.4,32.4
さいたま,2017,7,12,29.2,34.3
さいたま,2017,7,13,28.9,33.1
さいたま,2017,7,14,29.0,34.0
さいたま,2017,7,15,29.1,35.3
さいたま,2017,7,16,28.9,34.9
さいたま,2017,7,17,29.5,34.7
さいたま,2017,7,18,26.2,30.9
さいたま,2017,7,19,26.9,31.9
さいたま,2017,7,20,28.5,33.0
さいたま,2017,7,21,29.7,34.4
さいたま,2017,7,22,29.3,34.0
さいたま,2017,7,23,27.6,29.4
さいたま,2017,7,24,29.5,34.1
さいたま,2017,7,25,28.7,32.4
さいたま,2017,7,26,24.7,26.8
さいたま,2017,7,27,24.7,27.0
さいたま,2017,7,28,27.6,32.3
さいたま,2017,7,29,26.3,31.9
さいたま,2017,7,30,25.6,28.7
さいたま,2017,7,31,28.4,34.2
さいたま,2017,8,1,26.2,29.5
さいたま,2017,8,2,23.3,25.4
さいたま,2017,8,3,24.6,28.4
さいたま,2017,8,4,25.8,30.3
さいたま,2017,8,5,28.1,32.8
さいたま,2017,8,6,29.3,33.7
さいたま,2017,8,7,29.4,33.9
さいたま,2017,8,8,29.4,33.3
さいたま,2017,8,9,29.7,36.8
さいたま,2017,8,10,25.4,28.5
さいたま,2017,8,11,23.1,25.5
さいたま,2017,8,12,24.6,29.1
さいたま,2017,8,13,26.6,30.9
さいたま,2017,8,14,24.4,26.3
さいたま,2017,8,15,23.2,24.2
さいたま,2017,8,16,21.8,22.7
さいたま,2017,8,17,24.8,28.5
さいたま,2017,8,18,25.9,28.3
さいたま,2017,8,19,25.6,31.3
さいたま,2017,8,20,25.2,28.8
さいたま,2017,8,21,27.1,31.7
さいたま,2017,8,22,28.1,33.0
さいたま,2017,8,23,28.6,33.7
さいたま,2017,8,24,29.6,36.2
さいたま,2017,8,25,28.9,33.2
さいたま,2017,8,26,27.9,31.9
さいたま,2017,8,27,26.2,29.7
さいたま,2017,8,28,25.8,32.0
さいたま,2017,8,29,28.5,33.5
さいたま,2017,8,30,26.3,32.6
さいたま,2017,8,31,22.2,23.6
さいたま,2017,9,1,22.0,27.6
さいたま,2017,9,2,20.0,24.8
さいたま,2017,9,3,22.8,28.7
さいたま,2017,9,4,20.4,22.6
さいたま,2017,9,5,23.2,27.7
さいたま,2017,9,6,21.8,22.5
さいたま,2017,9,7,22.4,24.4
さいたま,2017,9,8,24.5,28.2
さいたま,2017,9,9,24.4,30.2
さいたま,2017,9,10,25.4,31.5
さいたま,2017,9,11,25.7,30.0
さいたま,2017,9,12,23.9,25.8
さいたま,2017,9,13,26.4,32.3
さいたま,2017,9,14,25.4,31.3
さいたま,2017,9,15,23.8,27.7
さいたま,2017,9,16,20.0,22.0
さいたま,2017,9,17,18.6,19.7
さいたま,2017,9,18,27.3,33.1
さいたま,2017,9,19,24.6,29.8
さいたま,2017,9,20,22.2,25.6
さいたま,2017,9,21,23.8,28.9
さいたま,2017,9,22,20.6,24.0
さいたま,2017,9,23,20.6,23.4
さいたま,2017,9,24,22.4,27.0
さいたま,2017,9,25,23.7,29.0
さいたま,2017,9,26,23.5,29.1
さいたま,2017,9,27,23.3,27.9
さいたま,2017,9,28,19.7,26.0
さいたま,2017,9,29,20.0,25.3
さいたま,2017,9,30,19.9,24.8
さいたま,2017,10,1,20.5,25.5
さいたま,2017,10,2,21.2,25.8
さいたま,2017,10,3,22.5,28.1
さいたま,2017,10,4,18.7,21.2
さいたま,2017,10,5,16.5,20.5
さいたま,2017,10,6,15.1,18.3
さいたま,2017,10,7,18.5,23.5
さいたま,2017,10,8,20.7,26.3
さいたま,2017,10,9,21.7,27.3
さいたま,2017,10,10,23.2,29.2
さいたま,2017,10,11,20.8,24.0
さいたま,2017,10,12,22.3,28.9
さいたま,2017,10,13,15.4,19.2
さいたま,2017,10,14,15.2,16.0
さいたま,2017,10,15,15.2,16.0
さいたま,2017,10,16,12.6,14.2
さいたま,2017,10,17,13.7,16.2
さいたま,2017,10,18,14.2,19.6
さいたま,2017,10,19,11.2,12.0
さいたま,2017,10,20,14.4,17.3
さいたま,2017,10,21,16.7,17.4
さいたま,2017,10,22,17.5,18.2
さいたま,2017,10,23,18.4,22.1
さいたま,2017,10,24,15.0,17.4
さいたま,2017,10,25,13.1,15.9
さいたま,2017,10,26,14.3,20.4
さいたま,2017,10,27,14.1,20.7
さいたま,2017,10,28,13.5,16.0
さいたま,2017,10,29,14.6,17.3
さいたま,2017,10,30,14.6,18.1
さいたま,2017,10,31,12.3,17.4
さいたま,2017,11,1,11.1,17.0
さいたま,2017,11,2,13.7,20.5
さいたま,2017,11,3,16.9,22.5
さいたま,2017,11,4,15.4,22.2
さいたま,2017,11,5,12.5,17.5
さいたま,2017,11,6,11.4,18.2
さいたま,2017,11,7,13.3,21.3
さいたま,2017,11,8,12.5,14.6
さいたま,2017,11,9,13.6,17.9
さいたま,2017,11,10,10.7,16.9
さいたま,2017,11,11,12.4,20.1
さいたま,2017,11,12,11.6,16.2
さいたま,2017,11,13,10.0,15.9
さいたま,2017,11,14,11.4,14.2
さいたま,2017,11,15,11.9,16.8
さいたま,2017,11,16,10.3,15.5
さいたま,2017,11,17,8.5,13.6
さいたま,2017,11,18,8.5,11.1
さいたま,2017,11,19,8.2,12.7
さいたま,2017,11,20,4.6,9.6
さいたま,2017,11,21,6.6,11.6
さいたま,2017,11,22,5.0,9.7
さいたま,2017,11,23,9.3,16.0
さいたま,2017,11,24,8.4,14.1
さいたま,2017,11,25,7.1,14.8
さいたま,2017,11,26,8.8,16.4
さいたま,2017,11,27,9.9,13.8
さいたま,2017,11,28,11.2,14.6
さいたま,2017,11,29,11.0,19.2
さいたま,2017,11,30,10.0,12.6
さいたま,2017,12,1,7.8,9.5
さいたま,2017,12,2,6.5,11.0
さいたま,2017,12,3,6.6,12.4
さいたま,2017,12,4,6.9,11.8
さいたま,2017,12,5,7.8,14.2
さいたま,2017,12,6,5.9,11.0
さいたま,2017,12,7,4.9,11.6
さいたま,2017,12,8,4.1,8.7
さいたま,2017,12,9,5.0,10.1
さいたま,2017,12,10,4.4,12.4
さいたま,2017,12,11,7.2,16.3
さいたま,2017,12,12,5.7,10.7
さいたま,2017,12,13,4.5,10.8
さいたま,2017,12,14,4.3,9.8
さいたま,2017,12,15,3.3,8.2
さいたま,2017,12,16,5.0,12.3
さいたま,2017,12,17,4.7,8.5
さいたま,2017,12,18,2.3,9.0
さいたま,2017,12,19,4.2,11.8
さいたま,2017,12,20,4.3,9.7
さいたま,2017,12,21,3.5,10.5
さいたま,2017,12,22,4.0,11.4
さいたま,2017,12,23,5.3,14.3
さいたま,2017,12,24,5.0,11.8
さいたま,2017,12,25,8.4,14.4
さいたま,2017,12,26,6.4,13.4
さいたま,2017,12,27,3.3,8.2
さいたま,2017,12,28,3.8,9.0
さいたま,2017,12,29,5.1,10.5
さいたま,2017,12,30,4.6,11.2
さいたま,2017,12,31,2.3,5.2
さいたま,2018,1,1,4.8,13.1
さいたま,2018,1,2,4.6,10.1
さいたま,2018,1,3,4.0,8.5
さいたま,2018,1,4,3.5,9.1
さいたま,2018,1,5,2.8,5.9
さいたま,2018,1,6,3.3,10.8
さいたま,2018,1,7,5.3,11.2
さいたま,2018,1,8,4.1,6.8
さいたま,2018,1,9,7.6,16.4
さいたま,2018,1,10,5.9,12.5
さいたま,2018,1,11,3.4,9.5
さいたま,2018,1,12,0.8,6.6
さいたま,2018,1,13,1.0,7.8
さいたま,2018,1,14,3.6,8.6
さいたま,2018,1,15,1.1,7.8
さいたま,2018,1,16,4.2,13.4
さいたま,2018,1,17,4.9,8.6
さいたま,2018,1,18,7.5,13.7
さいたま,2018,1,19,8.1,10.9
さいたま,2018,1,20,5.6,9.7
さいたま,2018,1,21,5.5,12.0
さいたま,2018,1,22,0.9,4.3
さいたま,2018,1,23,0.7,5.8
さいたま,2018,1,24,-1.0,5.8
さいたま,2018,1,25,-1.6,2.5
さいたま,2018,1,26,-2.3,3.2
さいたま,2018,1,27,1.2,6.0
さいたま,2018,1,28,-0.4,3.3
さいたま,2018,1,29,1.5,8.9
さいたま,2018,1,30,2.4,6.3
さいたま,2018,1,31,1.8,8.1
さいたま,2018,2,1,2.0,5.5
さいたま,2018,2,2,1.7,3.8
さいたま,2018,2,3,3.5,6.9
さいたま,2018,2,4,4.5,8.9
さいたま,2018,2,5,3.0,8.1
さいたま,2018,2,6,1.9,7.1
さいたま,2018,2,7,2.1,8.4
さいたま,2018,2,8,2.4,7.9
さいたま,2018,2,9,2.6,9.2
さいたま,2018,2,10,5.4,13.0
さいたま,2018,2,11,7.7,14.0
さいたま,2018,2,12,3.2,8.5
さいたま,2018,2,13,2.2,9.1
さいたま,2018,2,14,4.1,10.9
さいたま,2018,2,15,7.2,15.3
さいたま,2018,2,16,5.7,10.1
さいたま,2018,2,17,5.1,11.3
さいたま,2018,2,18,2.8,8.4
さいたま,2018,2,19,4.9,10.0
さいたま,2018,2,20,6.7,11.9
さいたま,2018,2,21,5.4,8.3
さいたま,2018,2,22,2.7,5.0
さいたま,2018,2,23,3.7,8.7
さいたま,2018,2,24,6.1,14.6
さいたま,2018,2,25,5.2,8.1
さいたま,2018,2,26,5.5,10.4
さいたま,2018,2,27,7.0,12.6
さいたま,2018,2,28,7.8,14.8
さいたま,2018,3,1,11.3,19.5
さいたま,2018,3,2,8.2,12.8
さいたま,2018,3,3,8.2,15.7
さいたま,2018,3,4,12.3,20.9
さいたま,2018,3,5,12.3,18.8
さいたま,2018,3,6,8.9,12.7
さいたま,2018,3,7,4.9,8.6
さいたま,2018,3,8,6.0,8.8
さいたま,2018,3,9,10.1,13.1
さいたま,2018,3,10,7.9,11.6
さいたま,2018,3,11,8.1,12.2
さいたま,2018,3,12,9.3,14.9
さいたま,2018,3,13,10.2,17.7
さいたま,2018,3,14,13.5,22.8
さいたま,2018,3,15,15.0,21.6
さいたま,2018,3,16,12.9,17.2
さいたま,2018,3,17,7.2,12.0
さいたま,2018,3,18,9.5,16.4
さいたま,2018,3,19,11.6,15.7
さいたま,2018,3,20,8.3,10.8
さいたま,2018,3,21,3.6,6.1
さいたま,2018,3,22,9.7,14.5
さいたま,2018,3,23,12.2,16.7
さいたま,2018,3,24,11.6,15.8
さいたま,2018,3,25,12.5,19.4
さいたま,2018,3,26,13.5,22.2
さいたま,2018,3,27,14.6,21.6
さいたま,2018,3,28,16.5,23.7
さいたま,2018,3,29,17.3,24.7
さいたま,2018,3,30,13.7,18.2
さいたま,2018,3,31,12.3,18.4
さいたま,2018,4,1,15.3,21.8
さいたま,2018,4,2,16.6,24.1
さいたま,2018,4,3,18.1,24.2
さいたま,2018,4,4,19.6,26.8
さいたま,2018,4,5,13.4,15.8
さいたま,2018,4,6,17.5,22.5
さいたま,2018,4,7,14.9,19.9
さいたま,2018,4,8,10.9,15.9
さいたま,2018,4,9,12.3,20.8
さいたま,2018,4,10,13.3,19.3
さいたま,2018,4,11,15.8,21.9
さいたま,2018,4,12,17.7,25.5
さいたま,2018,4,13,14.0,18.9
さいたま,2018,4,14,14.4,19.2
さいたま,2018,4,15,15.6,19.5
さいたま,2018,4,16,14.6,19.5
さいたま,2018,4,17,12.1,13.8
さいたま,2018,4,18,13.4,17.5
さいたま,2018,4,19,15.9,22.6
さいたま,2018,4,20,18.4,25.7
さいたま,2018,4,21,19.2,26.9
さいたま,2018,4,22,21.0,29.7
さいたま,2018,4,23,16.6,19.3
さいたま,2018,4,24,15.3,17.2
さいたま,2018,4,25,18.1,23.7
さいたま,2018,4,26,18.8,24.5
さいたま,2018,4,27,17.8,22.2
さいたま,2018,4,28,19.9,26.1
さいたま,2018,4,29,19.6,25.9
さいたま,2018,4,30,20.6,26.7
さいたま,2018,5,1,22.1,29.2
さいたま,2018,5,2,20.4,26.7
さいたま,2018,5,3,20.4,28.8
さいたま,2018,5,4,17.0,22.7
さいたま,2018,5,5,18.2,24.7
さいたま,2018,5,6,20.7,27.2
さいたま,2018,5,7,18.6,22.6
さいたま,2018,5,8,13.0,15.0
さいたま,2018,5,9,12.4,14.7
さいたま,2018,5,10,12.8,17.6
さいたま,2018,5,11,16.2,22.6
さいたま,2018,5,12,19.6,25.5
さいたま,2018,5,13,17.0,21.9
さいたま,2018,5,14,20.6,27.4
さいたま,2018,5,15,21.8,29.3
さいたま,2018,5,16,23.9,30.7
さいたま,2018,5,17,25.5,31.2
さいたま,2018,5,18,23.2,28.0
さいたま,2018,5,19,20.6,28.0
さいたま,2018,5,20,17.8,22.4
さいたま,2018,5,21,20.6,27.3
さいたま,2018,5,22,21.1,28.0
さいたま,2018,5,23,18.6,21.8
さいたま,2018,5,24,21.2,26.9
さいたま,2018,5,25,22.5,27.9
さいたま,2018,5,26,21.5,25.7
さいたま,2018,5,27,21.8,27.9
さいたま,2018,5,28,21.6,26.2
さいたま,2018,5,29,22.9,28.2
さいたま,2018,5,30,21.4,25.4
さいたま,2018,5,31,20.0,22.7
さいたま,2018,6,1,22.1,27.0
さいたま,2018,6,2,22.7,28.1
さいたま,2018,6,3,23.3,29.7
さいたま,2018,6,4,24.0,29.7
さいたま,2018,6,5,23.8,28.8
さいたま,2018,6,6,20.9,23.0
さいたま,2018,6,7,23.2,29.2
さいたま,2018,6,8,24.3,28.6
さいたま,2018,6,9,26.2,32.2
さいたま,2018,6,10,19.4,20.9
さいたま,2018,6,11,19.0,21.1
さいたま,2018,6,12,20.7,24.3
さいたま,2018,6,13,21.9,27.5
さいたま,2018,6,14,20.7,24.7
さいたま,2018,6,15,17.5,19.5
さいたま,2018,6,16,16.1,18.2
さいたま,2018,6,17,18.8,22.7
さいたま,2018,6,18,18.9,20.2
さいたま,2018,6,19,23.5,28.9
さいたま,2018,6,20,21.1,22.6
さいたま,2018,6,21,22.0,25.2
さいたま,2018,6,22,23.7,29.4
さいたま,2018,6,23,20.8,23.4
さいたま,2018,6,24,22.4,28.1
さいたま,2018,6,25,26.4,34.1
さいたま,2018,6,26,25.9,31.4
さいたま,2018,6,27,28.2,32.6
さいたま,2018,6,28,28.1,32.2
さいたま,2018,6,29,29.1,32.8
さいたま,2018,6,30,29.5,33.8
さいたま,2018,7,1,28.8,33.0
さいたま,2018,7,2,29.4,34.7
さいたま,2018,7,3,29.2,33.9
さいたま,2018,7,4,28.4,33.0
さいたま,2018,7,5,27.2,28.5
さいたま,2018,7,6,21.3,26.2
さいたま,2018,7,7,23.4,27.3
さいたま,2018,7,8,27.5,32.5
さいたま,2018,7,9,28.2,33.0
さいたま,2018,7,10,29.0,34.8
さいたま,2018,7,11,29.3,34.5
さいたま,2018,7,12,26.7,31.0
さいたま,2018,7,13,29.3,35.2
さいたま,2018,7,14,30.6,36.3
さいたま,2018,7,15,30.2,36.0
さいたま,2018,7,16,30.9,36.7
さいたま,2018,7,17,30.9,36.9
さいたま,2018,7,18,31.5,37.8
さいたま,2018,7,19,30.7,36.3
さいたま,2018,7,20,30.8,35.7
さいたま,2018,7,21,31.2,36.6
さいたま,2018,7,22,31.9,37.5
さいたま,2018,7,23,32.7,39.3
さいたま,2018,7,24,30.3,36.6
さいたま,2018,7,25,28.8,33.2
さいたま,2018,7,26,26.5,30.0
さいたま,2018,7,27,25.6,29.6
さいたま,2018,7,28,24.4,29.4
さいたま,2018,7,29,29.0,33.4
さいたま,2018,7,30,28.4,32.4
さいたま,2018,7,31,29.7,35.5
さいたま,2018,8,1,31.1,37.4
さいたま,2018,8,2,31.6,36.5
さいたま,2018,8,3,30.9,36.6
さいたま,2018,8,4,30.2,35.7
さいたま,2018,8,5,31.6,36.9
さいたま,2018,8,6,28.4,33.1
さいたま,2018,8,7,22.2,24.5
さいたま,2018,8,8,24.6,27.8
さいたま,2018,8,9,28.6,34.4
さいたま,2018,8,10,30.3,34.9
さいたま,2018,8,11,28.5,34.2
さいたま,2018,8,12,27.5,31.6
さいたま,2018,8,13,27.7,34.1
さいたま,2018,8,14,29.3,34.6
さいたま,2018,8,15,30.1,34.2
さいたま,2018,8,16,28.1,31.8
さいたま,2018,8,17,24.8,28.7
さいたま,2018,8,18,22.7,28.2
さいたま,2018,8,19,23.5,28.8
さいたま,2018,8,20,23.9,28.7
さいたま,2018,8,21,28.4,34.7
さいたま,2018,8,22,30.6,35.8
さいたま,2018,8,23,30.0,34.7
さいたま,2018,8,24,29.3,32.6
さいたま,2018,8,25,31.4,37.4
さいたま,2018,8,26,31.6,38.7
さいたま,2018,8,27,29.1,37.7
さいたま,2018,8,28,25.9,30.1
さいたま,2018,8,29,26.2,28.9
さいたま,2018,8,30,28.7,34.5
さいたま,2018,8,31,27.6,35.6
さいたま,2018,9,1,24.8,29.7
さいたま,2018,9,2,21.7,23.3
さいたま,2018,9,3,23.6,27.2
さいたま,2018,9,4,26.5,30.4
さいたま,2018,9,5,27.8,32.9
さいたま,2018,9,6,26.8,31.3
さいたま,2018,9,7,26.7,30.5
さいたま,2018,9,8,27.5,33.4
さいたま,2018,9,9,27.0,32.8
さいたま,2018,9,10,26.0,30.7
さいたま,2018,9,11,21.5,24.1
さいたま,2018,9,12,20.9,24.3
さいたま,2018,9,13,22.2,27.0
さいたま,2018,9,14,22.3,25.3
さいたま,2018,9,15,21.4,22.9
さいたま,2018,9,16,23.9,28.9
さいたま,2018,9,17,25.0,31.4
さいたま,2018,9,18,24.0,29.3
さいたま,2018,9,19,22.9,27.7
さいたま,2018,9,20,19.8,23.6
さいたま,2018,9,21,17.8,19.2
さいたま,2018,9,22,22.4,27.3
さいたま,2018,9,23,25.0,29.9
さいたま,2018,9,24,24.7,29.1
さいたま,2018,9,25,21.1,24.8
さいたま,2018,9,26,17.7,19.9
さいたま,2018,9,27,16.0,17.8
さいたま,2018,9,28,19.9,26.6
さいたま,2018,9,29,18.3,20.1
さいたま,2018,9,30,20.3,27.2
さいたま,2018,10,1,26.9,33.1
さいたま,2018,10,2,21.9,27.5
さいたま,2018,10,3,20.9,25.1
さいたま,2018,10,4,20.1,21.7
さいたま,2018,10,5,19.0,21.4
さいたま,2018,10,6,23.8,30.4
さいたま,2018,10,7,26.9,32.3
さいたま,2018,10,8,21.8,24.0
さいたま,2018,10,9,21.7,26.5
さいたま,2018,10,10,22.1,26.9
さいたま,2018,10,11,20.1,21.1
さいたま,2018,10,12,19.5,22.9
さいたま,2018,10,13,17.0,18.4
さいたま,2018,10,14,16.8,20.7
さいたま,2018,10,15,17.7,20.4
さいたま,2018,10,16,17.3,20.8
さいたま,2018,10,17,18.1,22.6
さいたま,2018,10,18,16.6,21.2
さいたま,2018,10,19,15.9,19.4
さいたま,2018,10,20,16.6,22.3
さいたま,2018,10,21,16.7,22.4
さいたま,2018,10,22,15.1,21.7
さいたま,2018,10,23,13.8,15.8
さいたま,2018,10,24,17.8,23.3
さいたま,2018,10,25,17.5,22.3
さいたま,2018,10,26,17.0,21.0
さいたま,2018,10,27,17.4,22.1
さいたま,2018,10,28,16.6,20.9
さいたま,2018,10,29,16.5,23.5
さいたま,2018,10,30,16.0,23.1
さいたま,2018,10,31,14.1,20.0
さいたま,2018,11,1,13.9,19.3
さいたま,2018,11,2,13.3,19.2
さいたま,2018,11,3,13.7,20.1
さいたま,2018,11,4,13.9,17.1
さいたま,2018,11,5,17.5,22.1
さいたま,2018,11,6,16.7,17.8
さいたま,2018,11,7,17.1,20.9
さいたま,2018,11,8,16.2,20.9
さいたま,2018,11,9,15.4,16.9
さいたま,2018,11,10,17.6,23.2
さいたま,2018,11,11,16.4,20.9
さいたま,2018,11,12,14.6,18.2
さいたま,2018,11,13,14.7,16.1
さいたま,2018,11,14,13.1,17.2
さいたま,2018,11,15,11.0,17.0
さいたま,2018,11,16,10.8,17.6
さいたま,2018,11,17,13.9,19.7
さいたま,2018,11,18,13.3,15.9
さいたま,2018,11,19,13.9,17.3
さいたま,2018,11,20,10.9,13.9
さいたま,2018,11,21,9.8,16.4
さいたま,2018,11,22,11.0,14.0
さいたま,2018,11,23,10.4,15.3
さいたま,2018,11,24,9.2,12.0
さいたま,2018,11,25,8.8,14.6
さいたま,2018,11,26,11.2,17.3
さいたま,2018,11,27,12.5,17.7
さいたま,2018,11,28,12.5,19.1
さいたま,2018,11,29,12.2,15.9
さいたま,2018,11,30,11.4,16.6
さいたま,2018,12,1,10.7,17.6
さいたま,2018,12,2,9.0,11.5
さいたま,2018,12,3,11.9,15.2
さいたま,2018,12,4,15.0,21.0
さいたま,2018,12,5,16.4,19.5
さいたま,2018,12,6,10.3,12.4
さいたま,2018,12,7,10.8,15.5
さいたま,2018,12,8,8.9,12.5
さいたま,2018,12,9,6.4,10.1
さいたま,2018,12,10,5.7,8.6
さいたま,2018,12,11,3.6,7.9
さいたま,2018,12,12,6.7,11.0
さいたま,2018,12,13,6.3,9.6
さいたま,2018,12,14,5.1,9.6
さいたま,2018,12,15,4.9,9.6
さいたま,2018,12,16,2.2,6.6
さいたま,2018,12,17,6.0,12.9
さいたま,2018,12,18,7.9,12.9
さいたま,2018,12,19,5.8,13.2
さいたま,2018,12,20,6.3,14.2
さいたま,2018,12,21,6.2,13.8
さいたま,2018,12,22,8.3,12.1
さいたま,2018,12,23,9.3,11.7
さいたま,2018,12,24,7.0,10.5
さいたま,2018,12,25,4.1,9.5
さいたま,2018,12,26,5.3,12.9
さいたま,2018,12,27,7.8,14.3
さいたま,2018,12,28,3.8,7.6
さいたま,2018,12,29,3.0,9.3
さいたま,2018,12,30,3.0,9.8
さいたま,2018,12,31,3.1,9.3
さいたま,2019,1,1,3.8,11.3
さいたま,2019,1,2,4.7,10.9
さいたま,2019,1,3,3.2,10.7
さいたま,2019,1,4,3.2,10.6
さいたま,2019,1,5,5.9,15.9
さいたま,2019,1,6,4.6,8.2
さいたま,2019,1,7,3.7,10.5
さいたま,2019,1,8,2.8,10.5
さいたま,2019,1,9,3.5,7.4
さいたま,2019,1,10,0.0,5.3
さいたま,2019,1,11,5.2,11.5
さいたま,2019,1,12,3.3,6.0
さいたま,2019,1,13,5.7,10.2
さいたま,2019,1,14,3.1,9.8
さいたま,2019,1,15,1.8,6.3
さいたま,2019,1,16,4.8,11.0
さいたま,2019,1,17,6.3,12.2
さいたま,2019,1,18,5.2,9.6
さいたま,2019,1,19,5.6,11.8
さいたま,2019,1,20,5.5,12.2
さいたま,2019,1,21,4.8,10.3
さいたま,2019,1,22,3.0,10.4
さいたま,2019,1,23,4.2,12.1
さいたま,2019,1,24,5.6,9.9
さいたま,2019,1,25,5.0,9.8
さいたま,2019,1,26,3.7,10.1
さいたま,2019,1,27,3.6,9.2
さいたま,2019,1,28,2.8,10.9
さいたま,2019,1,29,5.3,9.5
さいたま,2019,1,30,3.5,10.8
さいたま,2019,1,31,3.8,12.1
さいたま,2019,2,1,3.4,7.6
さいたま,2019,2,2,5.3,13.9
さいたま,2019,2,3,6.0,13.5
さいたま,2019,2,4,9.5,18.6
さいたま,2019,2,5,6.9,10.0
さいたま,2019,2,6,4.8,7.2
さいたま,2019,2,7,6.7,14.9
さいたま,2019,2,8,5.0,8.6
さいたま,2019,2,9,0.5,2.5
さいたま,2019,2,10,2.8,7.3
さいたま,2019,2,11,2.6,4.4
さいたま,2019,2,12,5.0,10.1
さいたま,2019,2,13,4.5,8.7
さいたま,2019,2,14,3.8,8.3
さいたま,2019,2,15,2.3,5.5
さいたま,2019,2,16,5.5,14.8
さいたま,2019,2,17,5.5,10.7
さいたま,2019,2,18,6.8,14.1
さいたま,2019,2,19,6.9,9.6
さいたま,2019,2,20,10.7,19.0
さいたま,2019,2,21,9.4,14.1
さいたま,2019,2,22,8.6,14.6
さいたま,2019,2,23,8.2,13.9
さいたま,2019,2,24,7.4,13.9
さいたま,2019,2,25,10.2,18.0
さいたま,2019,2,26,10.1,12.6
さいたま,2019,2,27,7.4,10.3
さいたま,2019,2,28,6.6,7.9
さいたま,2019,3,1,8.9,13.1
さいたま,2019,3,2,9.5,14.5
さいたま,2019,3,3,5.9,7.3
さいたま,2019,3,4,7.5,9.5
さいたま,2019,3,5,9.8,15.3
さいたま,2019,3,6,10.0,12.9
さいたま,2019,3,7,8.4,10.5
さいたま,2019,3,8,6.4,10.8
さいたま,2019,3,9,8.3,17.0
さいたま,2019,3,10,10.7,15.8
さいたま,2019,3,11,11.7,16.8
さいたま,2019,3,12,12.2,17.2
さいたま,2019,3,13,10.0,17.4
さいたま,2019,3,14,6.9,12.5
さいたま,2019,3,15,8.5,14.4
さいたま,2019,3,16,8.2,12.6
さいたま,2019,3,17,7.9,13.7
さいたま,2019,3,18,9.3,14.8
さいたま,2019,3,19,11.3,17.2
さいたま,2019,3,20,13.9,21.0
さいたま,2019,3,21,16.1,21.4
さいたま,2019,3,22,14.1,21.1
さいたま,2019,3,23,6.8,9.0
さいたま,2019,3,24,6.4,13.2
さいたま,2019,3,25,9.1,15.3
さいたま,2019,3,26,11.4,16.5
さいたま,2019,3,27,13.2,20.0
さいたま,2019,3,28,12.8,16.9
さいたま,2019,3,29,7.6,8.9
さいたま,2019,3,30,7.9,10.7
さいたま,2019,3,31,10.0,15.8
さいたま,2019,4,1,8.5,14.7
さいたま,2019,4,2,6.8,13.5
さいたま,2019,4,3,6.8,12.3
さいたま,2019,4,4,9.5,16.9
さいたま,2019,4,5,13.7,23.2
さいたま,2019,4,6,15.1,21.1
さいたま,2019,4,7,14.6,21.2
さいたま,2019,4,8,9.3,13.2
さいたま,2019,4,9,9.8,15.6
さいたま,2019,4,10,4.5,8.0
さいたま,2019,4,11,9.9,15.3
さいたま,2019,4,12,9.1,12.6
さいたま,2019,4,13,11.4,17.3
さいたま,2019,4,14,13.9,18.2
さいたま,2019,4,15,15.4,20.9
さいたま,2019,4,16,15.0,22.5
さいたま,2019,4,17,14.2,19.5
さいたま,2019,4,18,17.0,23.1
さいたま,2019,4,19,17.6,24.3
さいたま,2019,4,20,14.5,19.4
さいたま,2019,4,21,16.8,22.3
さいたま,2019,4,22,19.0,26.5
さいたま,2019,4,23,19.1,24.0
さいたま,2019,4,24,18.9,20.9
さいたま,2019,4,25,21.5,25.8
さいたま,2019,4,26,12.1,20.9
さいたま,2019,4,27,10.6,15.0
さいたま,2019,4,28,12.8,18.9
さいたま,2019,4,29,15.1,19.6
さいたま,2019,4,30,15.1,18.2
さいたま,2019,5,1,18.0,22.9
さいたま,2019,5,2,18.4,23.7
さいたま,2019,5,3,18.5,26.5
さいたま,2019,5,4,17.4,24.5
さいたま,2019,5,5,18.4,25.4
さいたま,2019,5,6,18.6,22.0
さいたま,2019,5,7,14.2,18.4
さいたま,2019,5,8,16.0,22.8
さいたま,2019,5,9,17.9,21.9
さいたま,2019,5,10,20.1,27.4
さいたま,2019,5,11,20.7,28.0
さいたま,2019,5,12,17.1,21.5
さいたま,2019,5,13,18.1,23.1
さいたま,2019,5,14,18.6,20.5
さいたま,2019,5,15,19.5,24.0
さいたま,2019,5,16,19.8,25.2
さいたま,2019,5,17,20.4,25.2
さいたま,2019,5,18,20.2,25.4
さいたま,2019,5,19,20.9,24.8
さいたま,2019,5,20,20.2,24.7
さいたま,2019,5,21,19.2,21.2
さいたま,2019,5,22,19.4,24.9
さいたま,2019,5,23,21.0,27.5
さいたま,2019,5,24,22.9,30.2
さいたま,2019,5,25,23.9,32.3
さいたま,2019,5,26,25.3,34.2
さいたま,2019,5,27,26.4,34.0
さいたま,2019,5,28,24.1,28.0
さいたま,2019,5,29,21.1,25.4
さいたま,2019,5,30,21.2,26.6
さいたま,2019,5,31,21.8,24.7
さいたま,2019,6,1,21.9,26.4
さいたま,2019,6,2,22.2,25.3
さいたま,2019,6,3,22.9,27.5
さいたま,2019,6,4,22.9,28.7
さいたま,2019,6,5,23.0,27.1
さいたま,2019,6,6,25.6,32.4
さいたま,2019,6,7,20.9,23.4
さいたま,2019,6,8,21.2,26.6
さいたま,2019,6,9,17.6,20.4
さいたま,2019,6,10,16.2,17.0
さいたま,2019,6,11,19.0,23.0
さいたま,2019,6,12,18.6,22.5
さいたま,2019,6,13,21.3,27.3
さいたま,2019,6,14,22.7,27.4
さいたま,2019,6,15,17.2,21.2
さいたま,2019,6,16,23.0,30.6
さいたま,2019,6,17,22.8,27.5
さいたま,2019,6,18,23.1,28.8
さいたま,2019,6,19,23.8,29.5
さいたま,2019,6,20,24.0,29.0
さいたま,2019,6,21,24.4,28.8
さいたま,2019,6,22,22.2,26.0
さいたま,2019,6,23,21.0,23.1
さいたま,2019,6,24,19.6,22.6
さいたま,2019,6,25,22.7,28.4
さいたま,2019,6,26,24.9,30.5
さいたま,2019,6,27,25.5,28.6
さいたま,2019,6,28,25.5,32.0
さいたま,2019,6,29,20.3,21.2
さいたま,2019,6,30,22.0,24.6
さいたま,2019,7,1,23.0,25.0
さいたま,2019,7,2,24.7,29.5
さいたま,2019,7,3,25.0,28.4
さいたま,2019,7,4,22.4,24.9
さいたま,2019,7,5,22.1,24.9
さいたま,2019,7,6,21.8,24.4
さいたま,2019,7,7,20.0,22.6
さいたま,2019,7,8,20.9,24.4
さいたま,2019,7,9,19.7,20.8
さいたま,2019,7,10,21.0,25.1
さいたま,2019,7,11,20.4,22.8
さいたま,2019,7,12,20.0,21.5
さいたま,2019,7,13,23.7,28.2
さいたま,2019,7,14,21.8,23.6
さいたま,2019,7,15,21.7,24.7
さいたま,2019,7,16,20.9,23.0
さいたま,2019,7,17,24.8,30.0
さいたま,2019,7,18,25.2,30.1
さいたま,2019,7,19,26.8,32.5
さいたま,2019,7,20,27.2,30.6
さいたま,2019,7,21,24.9,28.4
さいたま,2019,7,22,22.5,23.8
さいたま,2019,7,23,25.5,30.1
さいたま,2019,7,24,27.3,31.9
さいたま,2019,7,25,28.6,33.7
さいたま,2019,7,26,28.9,33.4
さいたま,2019,7,27,29.6,33.1
さいたま,2019,7,28,28.9,34.7
さいたま,2019,7,29,29.7,35.8
さいたま,2019,7,30,30.5,36.5
さいたま,2019,7,31,30.9,36.5
さいたま,2019,8,1,30.5,37.2
さいたま,2019,8,2,30.6,37.7
さいたま,2019,8,3,30.5,36.8
さいたま,2019,8,4,30.4,36.3
さいたま,2019,8,5,30.4,35.7
さいたま,2019,8,6,30.9,37.4
さいたま,2019,8,7,30.7,37.7
さいたま,2019,8,8,30.7,37.0
さいたま,2019,8,9,30.8,37.3
さいたま,2019,8,10,30.3,35.6
さいたま,2019,8,11,29.2,33.8
さいたま,2019,8,12,29.3,34.1
さいたま,2019,8,13,29.7,34.6
さいたま,2019,8,14,29.0,31.7
さいたま,2019,8,15,29.2,32.5
さいたま,2019,8,16,29.7,32.7
さいたま,2019,8,17,31.0,36.3
さいたま,2019,8,18,29.9,34.1
さいたま,2019,8,19,28.1,32.0
さいたま,2019,8,20,25.8,30.0
さいたま,2019,8,21,26.6,31.7
さいたま,2019,8,22,25.5,29.2
さいたま,2019,8,23,25.8,27.7
さいたま,2019,8,24,27.5,32.3
さいたま,2019,8,25,25.9,31.7
さいたま,2019,8,26,25.5,29.5
さいたま,2019,8,27,25.8,29.3
さいたま,2019,8,28,24.3,26.3
さいたま,2019,8,29,27.9,33.4
さいたま,2019,8,30,25.2,27.4
さいたま,2019,8,31,27.3,31.2
さいたま,2019,9,1,27.5,31.1
さいたま,2019,9,2,27.1,33.1
さいたま,2019,9,3,25.1,27.7
さいたま,2019,9,4,23.3,25.4
さいたま,2019,9,5,25.0,28.4
さいたま,2019,9,6,27.9,34.2
さいたま,2019,9,7,28.7,34.4
さいたま,2019,9,8,28.5,32.7
さいたま,2019,9,9,29.3,35.1
さいたま,2019,9,10,29.2,35.3
さいたま,2019,9,11,27.1,33.5
さいたま,2019,9,12,25.5,29.2
さいたま,2019,9,13,22.1,24.3
さいたま,2019,9,14,21.1,24.8
さいたま,2019,9,15,25.1,30.2
さいたま,2019,9,16,24.0,27.7
さいたま,2019,9,17,26.1,31.1
さいたま,2019,9,18,22.1,26.9
さいたま,2019,9,19,22.5,28.1
さいたま,2019,9,20,23.2,27.6
さいたま,2019,9,21,21.5,23.9
さいたま,2019,9,22,22.1,28.8
さいたま,2019,9,23,26.0,32.4
さいたま,2019,9,24,25.3,30.1
さいたま,2019,9,25,24.7,29.4
さいたま,2019,9,26,22.3,27.9
さいたま,2019,9,27,23.2,29.4
さいたま,2019,9,28,24.2,30.6
さいたま,2019,9,29,24.8,29.2
さいたま,2019,9,30,25.3,30.6
さいたま,2019,10,1,24.7,30.2
さいたま,2019,10,2,24.2,30.4
さいたま,2019,10,3,23.9,29.0
さいたま,2019,10,4,24.9,30.1
さいたま,2019,10,5,26.0,30.4
さいたま,2019,10,6,20.6,22.9
さいたま,2019,10,7,20.3,24.2
さいたま,2019,10,8,19.9,22.2
さいたま,2019,10,9,20.6,24.9
さいたま,2019,10,10,19.1,24.9
さいたま,2019,10,11,19.8,21.8
さいたま,2019,10,12,23.3,25.3
さいたま,2019,10,13,24.1,27.3
さいたま,2019,10,14,16.9,19.3
さいたま,2019,10,15,18.4,22.1
さいたま,2019,10,16,16.2,18.6
さいたま,2019,10,17,16.1,19.5
さいたま,2019,10,18,16.4,19.2
さいたま,2019,10,19,17.9,20.8
さいたま,2019,10,20,20.4,25.1
さいたま,2019,10,21,18.4,21.0
さいたま,2019,10,22,15.6,17.5
さいたま,2019,10,23,18.3,24.2
さいたま,2019,10,24,17.8,19.8
さいたま,2019,10,25,15.1,17.0
さいたま,2019,10,26,18.9,25.2
さいたま,2019,10,27,17.8,22.8
さいたま,2019,10,28,16.9,21.2
さいたま,2019,10,29,14.1,15.6
さいたま,2019,10,30,15.4,21.9
さいたま,2019,10,31,16.6,21.3
さいたま,2019,11,1,16.7,24.3
さいたま,2019,11,2,14.8,19.2
さいたま,2019,11,3,15.4,18.7
さいたま,2019,11,4,14.6,20.2
さいたま,2019,11,5,12.9,19.5
さいたま,2019,11,6,13.4,21.2
さいたま,2019,11,7,13.9,21.4
さいたま,2019,11,8,14.9,18.4
さいたま,2019,11,9,13.0,17.2
さいたま,2019,11,10,13.6,18.6
さいたま,2019,11,11,12.5,15.8
さいたま,2019,11,12,13.9,20.9
さいたま,2019,11,13,11.9,14.1
さいたま,2019,11,14,13.5,21.9
さいたま,2019,11,15,11.8,17.1
さいたま,2019,11,16,11.4,18.9
さいたま,2019,11,17,12.4,18.5
さいたま,2019,11,18,13.2,22.0
さいたま,2019,11,19,14.9,20.5
さいたま,2019,11,20,10.8,14.2
さいたま,2019,11,21,10.5,15.2
さいたま,2019,11,22,7.1,9.1
さいたま,2019,11,23,11.7,13.1
さいたま,2019,11,24,16.5,20.3
さいたま,2019,11,25,17.0,21.7
さいたま,2019,11,26,8.8,12.4
さいたま,2019,11,27,9.6,11.1
さいたま,2019,11,28,9.4,11.9
さいたま,2019,11,29,5.3,10.7
さいたま,2019,11,30,6.3,11.7
さいたま,2019,12,1,5.5,11.1
さいたま,2019,12,2,8.6,13.3
さいたま,2019,12,3,12.1,16.8
さいたま,2019,12,4,9.1,15.8
さいたま,2019,12,5,8.4,13.9
さいたま,2019,12,6,7.1,10.4
さいたま,2019,12,7,5.2,6.3
さいたま,2019,12,8,6.8,13.5
さいたま,2019,12,9,5.1,7.3
さいたま,2019,12,10,9.6,12.5
さいたま,2019,12,11,10.7,14.7
さいたま,2019,12,12,10.0,19.1
さいたま,2019,12,13,6.5,8.2
さいたま,2019,12,14,7.7,13.4
さいたま,2019,12,15,7.7,12.4
さいたま,2019,12,16,6.0,11.9
さいたま,2019,12,17,7.1,8.8
さいたま,2019,12,18,9.2,16.4
さいたま,2019,12,19,8.6,10.5
さいたま,2019,12,20,9.8,15.7
さいたま,2019,12,21,7.3,8.3
さいたま,2019,12,22,5.8,8.4
さいたま,2019,12,23,6.2,12.0
さいたま,2019,12,24,7.2,11.1
さいたま,2019,12,25,4.5,7.9
さいたま,2019,12,26,6.4,9.2
さいたま,2019,12,27,7.9,14.6
さいたま,2019,12,28,5.3,10.0
さいたま,2019,12,29,5.6,10.3
さいたま,2019,12,30,5.6,8.0
さいたま,2019,12,31,6.2,16.4
大津,2017,1,1,6.9,12.0
大津,2017,1,2,7.1,12.1
大津,2017,1,3,7.7,11.0
大津,2017,1,4,7.3,11.3
大津,2017,1,5,6.5,8.8
大津,2017,1,6,5.1,9.7
大津,2017,1,7,3.7,8.9
大津,2017,1,8,4.8,6.0
大津,2017,1,9,7.9,10.2
大津,2017,1,10,8.5,12.2
大津,2017,1,11,5.5,8.5
大津,2017,1,12,5.1,8.0
大津,2017,1,13,4.8,7.9
大津,2017,1,14,1.4,4.3
大津,2017,1,15,-0.2,2.8
大津,2017,1,16,1.7,4.2
大津,2017,1,17,3.6,7.0
大津,2017,1,18,3.5,8.9
大津,2017,1,19,4.2,8.1
大津,2017,1,20,2.7,8.0
大津,2017,1,21,3.5,6.8
大津,2017,1,22,2.9,7.2
大津,2017,1,23,0.5,2.6
大津,2017,1,24,1.1,4.6
大津,2017,1,25,1.8,5.4
大津,2017,1,26,2.2,8.1
大津,2017,1,27,4.3,11.6
大津,2017,1,28,4.8,11.3
大津,2017,1,29,3.7,6.9
大津,2017,1,30,6.9,10.8
大津,2017,1,31,3.0,4.8
大津,2017,2,1,3.0,6.4
大津,2017,2,2,3.7,6.3
大津,2017,2,3,5.7,9.8
大津,2017,2,4,5.3,12.4
大津,2017,2,5,4.7,8.8
大津,2017,2,6,5.9,9.4
大津,2017,2,7,2.8,4.1
大津,2017,2,8,3.5,5.5
大津,2017,2,9,2.3,4.3
大津,2017,2,10,1.7,4.5
大津,2017,2,11,1.2,4.4
大津,2017,2,12,1.9,5.9
大津,2017,2,13,2.3,7.0
大津,2017,2,14,2.7,6.5
大津,2017,2,15,4.2,8.4
大津,2017,2,16,5.3,13.6
大津,2017,2,17,6.3,9.3
大津,2017,2,18,6.1,9.8
大津,2017,2,19,4.1,9.4
大津,2017,2,20,6.0,11.9
大津,2017,2,21,2.6,4.2
大津,2017,2,22,4.3,8.1
大津,2017,2,23,8.1,11.2
大津,2017,2,24,3.9,7.5
大津,2017,2,25,4.5,9.1
大津,2017,2,26,6.2,11.9
大津,2017,2,27,5.0,10.5
大津,2017,2,28,3.7,9.8
大津,2017,3,1,4.5,10.2
大津,2017,3,2,7.8,11.1
大津,2017,3,3,6.6,9.7
大津,2017,3,4,5.5,13.9
大津,2017,3,5,7.4,13.9
大津,2017,3,6,8.6,13.0
大津,2017,3,7,5.0,7.9
大津,2017,3,8,3.7,8.4
大津,2017,3,9,5.2,8.9
大津,2017,3,10,6.0,9.8
大津,2017,3,11,5.4,10.1
大津,2017,3,12,5.8,13.3
大津,2017,3,13,8.5,14.9
大津,2017,3,14,7.7,11.2
大津,2017,3,15,5.7,9.0
大津,2017,3,16,6.9,10.9
大津,2017,3,17,6.5,11.7
大津,2017,3,18,6.9,13.3
大津,2017,3,19,9.1,16.4
大津,2017,3,20,10.3,16.3
大津,2017,3,21,8.3,11.1
大津,2017,3,22,7.9,12.1
大津,2017,3,23,8.1,13.0
大津,2017,3,24,7.0,11.1
大津,2017,3,25,6.8,11.6
大津,2017,3,26,8.0,11.5
大津,2017,3,27,7.5,11.2
大津,2017,3,28,7.5,13.5
大津,2017,3,29,9.2,15.5
大津,2017,3,30,11.8,17.0
大津,2017,3,31,6.7,9.6
大津,2017,4,1,7.6,12.8
大津,2017,4,2,7.6,15.7
大津,2017,4,3,10.1,17.0
大津,2017,4,4,12.6,19.9
大津,2017,4,5,12.9,19.3
大津,2017,4,6,14.6,20.8
大津,2017,4,7,14.8,17.6
大津,2017,4,8,16.9,19.4
大津,2017,4,9,14.5,18.3
大津,2017,4,10,10.9,14.0
大津,2017,4,11,11.5,13.0
大津,2017,4,12,11.5,13.9
大津,2017,4,13,10.8,17.7
大津,2017,4,14,13.8,23.0
大津,2017,4,15,16.8,21.7
大津,2017,4,16,17.3,25.6
大津,2017,4,17,15.9,19.3
大津,2017,4,18,16.5,19.7
大津,2017,4,19,14.2,19.6
大津,2017,4,20,13.5,19.3
大津,2017,4,21,14.7,19.9
大津,2017,4,22,13.6,19.0
大津,2017,4,23,12.3,19.7
大津,2017,4,24,14.4,22.4
大津,2017,4,25,17.1,22.6
大津,2017,4,26,14.5,16.0
大津,2017,4,27,13.7,18.3
大津,2017,4,28,14.2,20.9
大津,2017,4,29,14.1,21.9
大津,2017,4,30,17.1,26.0
大津,2017,5,1,17.4,23.0
大津,2017,5,2,15.0,21.9
大津,2017,5,3,16.9,23.2
大津,2017,5,4,17.9,23.2
大津,2017,5,5,20.7,27.1
大津,2017,5,6,18.8,23.1
大津,2017,5,7,19.3,25.3
大津,2017,5,8,20.0,27.1
大津,2017,5,9,17.5,23.4
大津,2017,5,10,16.3,19.2
大津,2017,5,11,20.2,25.1
大津,2017,5,12,20.2,25.1
大津,2017,5,13,17.0,19.0
大津,2017,5,14,20.9,26.8
大津,2017,5,15,19.5,25.2
大津,2017,5,16,16.8,20.8
大津,2017,5,17,17.2,24.0
大津,2017,5,18,18.2,25.8
大津,2017,5,19,20.4,28.9
大津,2017,5,20,22.7,30.7
大津,2017,5,21,23.1,30.4
大津,2017,5,22,23.8,30.0
大津,2017,5,23,22.7,29.3
大津,2017,5,24,20.5,23.1
大津,2017,5,25,20.2,23.8
大津,2017,5,26,21.1,28.7
大津,2017,5,27,18.7,24.1
大津,2017,5,28,18.7,25.7
大津,2017,5,29,21.8,29.6
大津,2017,5,30,24.1,30.5
大津,2017,5,31,23.3,29.4
大津,2017,6,1,22.8,28.5
大津,2017,6,2,19.0,23.7
大津,2017,6,3,18.3,23.3
大津,2017,6,4,18.4,24.3
大津,2017,6,5,18.5,25.3
大津,2017,6,6,20.0,26.0
大津,2017,6,7,19.1,20.6
大津,2017,6,8,19.0,22.4
大津,2017,6,9,21.7,29.4
大津,2017,6,10,22.4,29.2
大津,2017,6,11,19.8,25.7
大津,2017,6,12,18.0,23.4
大津,2017,6,13,18.2,24.2
大津,2017,6,14,20.1,27.8
大津,2017,6,15,22.3,30.3
大津,2017,6,16,21.9,26.8
大津,2017,6,17,21.3,27.5
大津,2017,6,18,22.5,26.4
大津,2017,6,19,24.6,32.5
大津,2017,6,20,23.2,29.4
大津,2017,6,21,20.5,24.5
大津,2017,6,22,22.4,26.6
大津,2017,6,23,24.2,29.7
大津,2017,6,24,24.8,29.6
大津,2017,6,25,22.1,24.1
大津,2017,6,26,23.3,28.2
大津,2017,6,27,23.3,27.0
大津,2017,6,28,23.7,27.9
大津,2017,6,29,24.7,28.4
大津,2017,6,30,24.1,29.4
大津,2017,7,1,27.3,31.9
大津,2017,7,2,26.6,32.6
大津,2017,7,3,27.9,32.5
大津,2017,7,4,26.8,30.6
大津,2017,7,5,24.1,26.1
大津,2017,7,6,25.1,30.1
大津,2017,7,7,26.0,32.0
大津,2017,7,8,27.3,33.4
大津,2017,7,9,25.4,28.6
大津,2017,7,10,26.4,31.3
大津,2017,7,11,28.4,33.9
大津,2017,7,12,28.0,32.9
大津,2017,7,13,28.5,32.9
大津,2017,7,14,27.7,31.2
大津,2017,7,15,29.0,34.3
大津,2017,7,16,26.9,33.9
大津,2017,7,17,26.3,31.7
大津,2017,7,18,26.0,30.5
大津,2017,7,19,27.5,32.6
大津,2017,7,20,28.5,33.4
大津,2017,7,21,28.5,32.9
大津,2017,7,22,28.9,34.6
大津,2017,7,23,28.3,31.2
大津,2017,7,24,28.6,32.5
大津,2017,7,25,28.1,30.3
大津,2017,7,26,27.8,32.6
大津,2017,7,27,27.2,31.2
大津,2017,7,28,27.5,33.4
大津,2017,7,29,28.3,32.5
大津,2017,7,30,27.5,31.4
大津,2017,7,31,28.8,34.1
大津,2017,8,1,28.2,32.4
大津,2017,8,2,27.5,33.3
大津,2017,8,3,26.9,31.2
大津,2017,8,4,28.0,31.9
大津,2017,8,5,29.1,33.8
大津,2017,8,6,29.2,34.5
大津,2017,8,7,26.3,28.6
大津,2017,8,8,27.1,30.6
大津,2017,8,9,28.7,33.6
大津,2017,8,10,29.0,34.5
大津,2017,8,11,28.4,34.0
大津,2017,8,12,27.2,30.8
大津,2017,8,13,26.1,31.4
大津,2017,8,14,26.1,31.3
大津,2017,8,15,23.8,25.9
大津,2017,8,16,26.2,30.8
大津,2017,8,17,27.3,33.1
大津,2017,8,18,27.1,32.8
大津,2017,8,19,27.3,33.2
大津,2017,8,20,27.7,32.7
大津,2017,8,21,29.1,34.9
大津,2017,8,22,28.7,33.2
大津,2017,8,23,28.3,32.5
大津,2017,8,24,30.5,35.7
大津,2017,8,25,30.0,34.8
大津,2017,8,26,26.5,30.5
大津,2017,8,27,26.1,32.4
大津,2017,8,28,27.2,31.7
大津,2017,8,29,29.2,34.5
大津,2017,8,30,26.5,30.9
大津,2017,8,31,24.9,31.1
大津,2017,9,1,24.4,30.7
大津,2017,9,2,24.0,28.7
大津,2017,9,3,23.5,29.1
大津,2017,9,4,21.8,27.1
大津,2017,9,5,22.4,28.1
大津,2017,9,6,23.3,26.1
大津,2017,9,7,24.9,28.1
大津,2017,9,8,24.7,29.6
大津,2017,9,9,23.7,29.9
大津,2017,9,10,25.1,29.7
大津,2017,9,11,24.8,28.9
大津,2017,9,12,23.5,27.3
大津,2017,9,13,24.0,29.6
大津,2017,9,14,22.7,28.5
大津,2017,9,15,20.9,25.3
大津,2017,9,16,19.4,20.5
大津,2017,9,17,22.8,25.4
大津,2017,9,18,23.2,27.6
大津,2017,9,19,22.8,28.1
大津,2017,9,20,23.0,26.3
大津,2017,9,21,21.7,27.2
大津,2017,9,22,19.4,22.0
大津,2017,9,23,21.9,26.5
大津,2017,9,24,21.0,25.7
大津,2017,9,25,21.2,27.0
大津,2017,9,26,22.4,28.7
大津,2017,9,27,22.9,27.7
大津,2017,9,28,21.1,24.0
大津,2017,9,29,19.8,25.9
大津,2017,9,30,19.8,26.0
大津,2017,10,1,19.2,26.3
大津,2017,10,2,20.4,21.5
大津,2017,10,3,21.0,24.7
大津,2017,10,4,17.5,21.8
大津,2017,10,5,17.4,22.3
大津,2017,10,6,16.8,19.0
大津,2017,10,7,19.3,22.2
大津,2017,10,8,21.2,26.4
大津,2017,10,9,22.1,28.2
大津,2017,10,10,22.6,27.6
大津,2017,10,11,22.9,29.1
大津,2017,10,12,20.4,22.3
大津,2017,10,13,17.2,18.2
大津,2017,10,14,18.4,21.3
大津,2017,10,15,16.7,18.3
大津,2017,10,16,15.1,15.8
大津,2017,10,17,14.6,16.7
大津,2017,10,18,15.1,19.7
大津,2017,10,19,14.1,15.5
大津,2017,10,20,16.5,18.4
大津,2017,10,21,16.6,17.4
大津,2017,10,22,17.1,17.9
大津,2017,10,23,15.5,18.1
大津,2017,10,24,12.8,15.5
大津,2017,10,25,14.5,19.0
大津,2017,10,26,14.3,20.6
大津,2017,10,27,15.5,21.4
大津,2017,10,28,15.7,17.1
大津,2017,10,29,16.6,18.6
大津,2017,10,30,13.3,17.7
大津,2017,10,31,11.5,17.5
大津,2017,11,1,11.3,19.3
大津,2017,11,2,12.5,20.3
大津,2017,11,3,15.2,21.5
大津,2017,11,4,14.3,18.8
大津,2017,11,5,11.5,16.6
大津,2017,11,6,12.0,20.0
大津,2017,11,7,14.3,20.2
大津,2017,11,8,15.8,17.2
大津,2017,11,9,14.3,17.1
大津,2017,11,10,11.3,18.6
大津,2017,11,11,12.9,17.5
大津,2017,11,12,10.5,14.3
大津,2017,11,13,9.9,17.2
大津,2017,11,14,10.9,12.9
大津,2017,11,15,12.0,16.8
大津,2017,11,16,9.5,10.9
大津,2017,11,17,8.7,13.6
大津,2017,11,18,8.8,11.5
大津,2017,11,19,6.9,10.3
大津,2017,11,20,7.0,9.9
大津,2017,11,21,6.0,10.6
大津,2017,11,22,6.8,11.9
大津,2017,11,23,9.4,12.8
大津,2017,11,24,7.4,11.0
大津,2017,11,25,7.4,11.8
大津,2017,11,26,7.4,11.1
大津,2017,11,27,9.9,14.9
大津,2017,11,28,8.8,14.0
大津,2017,11,29,10.4,11.9
大津,2017,11,30,12.2,15.6
大津,2017,12,1,8.5,11.2
大津,2017,12,2,7.2,11.4
大津,2017,12,3,6.6,11.7
大津,2017,12,4,6.4,10.6
大津,2017,12,5,6.0,8.5
大津,2017,12,6,4.6,9.5
大津,2017,12,7,5.9,11.1
大津,2017,12,8,5.4,8.3
大津,2017,12,9,4.4,9.0
大津,2017,12,10,6.3,12.2
大津,2017,12,11,7.7,11.2
大津,2017,12,12,3.0,5.7
大津,2017,12,13,2.9,6.8
大津,2017,12,14,3.4,5.8
大津,2017,12,15,4.8,9.2
大津,2017,12,16,6.6,10.1
大津,2017,12,17,3.3,5.9
大津,2017,12,18,4.2,8.3
大津,2017,12,19,5.2,10.0
大津,2017,12,20,4.0,9.7
大津,2017,12,21,3.8,8.9
大津,2017,12,22,4.1,10.7
大津,2017,12,23,6.1,11.8
大津,2017,12,24,6.2,10.8
大津,2017,12,25,7.7,11.8
大津,2017,12,26,4.9,7.5
大津,2017,12,27,3.0,3.9
大津,2017,12,28,4.0,6.6
大津,2017,12,29,5.4,7.1
大津,2017,12,30,5.5,8.8
大津,2017,12,31,4.3,7.8
大津,2018,1,1,5.6,8.7
大津,2018,1,2,5.8,8.9
大津,2018,1,3,3.3,6.1
大津,2018,1,4,2.6,6.2
大津,2018,1,5,2.6,4.8
大津,2018,1,6,4.3,8.1
大津,2018,1,7,4.3,7.4
大津,2018,1,8,5.5,7.6
大津,2018,1,9,7.0,10.6
大津,2018,1,10,3.7,7.1
大津,2018,1,11,1.3,3.3
大津,2018,1,12,0.8,5.0
大津,2018,1,13,1.4,6.2
大津,2018,1,14,1.1,4.1
大津,2018,1,15,2.1,10.0
大津,2018,1,16,5.3,10.0
大津,2018,1,17,8.7,13.6
大津,2018,1,18,9.5,13.1
大津,2018,1,19,6.4,10.8
大津,2018,1,20,4.8,9.9
大津,2018,1,21,5.4,10.1
大津,2018,1,22,2.1,4.7
大津,2018,1,23,4.3,8.6
大津,2018,1,24,-0.3,2.4
大津,2018,1,25,-0.7,2.5
大津,2018,1,26,0.1,3.1
大津,2018,1,27,0.2,2.8
大津,2018,1,28,1.3,4.4
大津,2018,1,29,3.3,7.1
大津,2018,1,30,1.8,5.4
大津,2018,1,31,2.4,6.8
大津,2018,2,1,2.2,3.6
大津,2018,2,2,2.9,7.1
大津,2018,2,3,3.2,7.3
大津,2018,2,4,1.8,5.2
大津,2018,2,5,0.9,4.9
大津,2018,2,6,0.1,3.9
大津,2018,2,7,0.8,5.5
大津,2018,2,8,0.6,6.1
大津,2018,2,9,1.2,8.6
大津,2018,2,10,2.9,5.4
大津,2018,2,11,3.8,6.0
大津,2018,2,12,1.4,4.7
大津,2018,2,13,2.2,5.5
大津,2018,2,14,4.6,8.9
大津,2018,2,15,7.0,12.1
大津,2018,2,16,4.8,8.7
大津,2018,2,17,3.7,6.6
大津,2018,2,18,2.3,6.9
大津,2018,2,19,3.5,8.7
大津,2018,2,20,6.5,12.6
大津,2018,2,21,4.2,7.4
大津,2018,2,22,3.8,8.5
大津,2018,2,23,4.9,11.4
大津,2018,2,24,5.8,12.5
大津,2018,2,25,5.6,9.4
大津,2018,2,26,6.9,14.2
大津,2018,2,27,6.5,14.6
大津,2018,2,28,7.9,13.0
大津,2018,3,1,11.5,14.7
大津,2018,3,2,6.3,10.4
大津,2018,3,3,5.9,11.1
大津,2018,3,4,10.4,18.5
大津,2018,3,5,11.2,13.5
大津,2018,3,6,6.7,10.9
大津,2018,3,7,5.3,9.4
大津,2018,3,8,10.7,13.7
大津,2018,3,9,7.4,12.1
大津,2018,3,10,4.7,9.8
大津,2018,3,11,5.9,13.4
大津,2018,3,12,7.4,14.8
大津,2018,3,13,10.6,19.1
大津,2018,3,14,13.5,21.8
大津,2018,3,15,14.5,21.6
大津,2018,3,16,9.1,14.2
大津,2018,3,17,6.2,12.7
大津,2018,3,18,9.3,17.4
大津,2018,3,19,11.3,13.0
大津,2018,3,20,8.3,11.5
大津,2018,3,21,7.1,10.2
大津,2018,3,22,8.8,11.4
大津,2018,3,23,7.9,13.5
大津,2018,3,24,8.7,16.3
大津,2018,3,25,11.2,18.8
大津,2018,3,26,12.6,21.5
大津,2018,3,27,14.1,22.3
大津,2018,3,28,15.1,24.0
大津,2018,3,29,15.0,23.4
大津,2018,3,30,11.8,17.7
大津,2018,3,31,11.2,20.0
大津,2018,4,1,15.3,21.9
大津,2018,4,2,17.1,23.5
大津,2018,4,3,18.0,25.3
大津,2018,4,4,16.7,25.2
大津,2018,4,5,13.1,16.1
大津,2018,4,6,15.6,22.7
大津,2018,4,7,9.8,12.7
大津,2018,4,8,7.2,12.0
大津,2018,4,9,8.6,14.5
大津,2018,4,10,12.2,19.1
大津,2018,4,11,16.4,21.6
大津,2018,4,12,16.7,21.7
大津,2018,4,13,12.5,17.0
大津,2018,4,14,13.8,21.9
大津,2018,4,15,12.7,15.4
大津,2018,4,16,12.5,17.7
大津,2018,4,17,12.2,15.7
大津,2018,4,18,14.4,20.1
大津,2018,4,19,15.7,23.7
大津,2018,4,20,17.4,25.5
大津,2018,4,21,18.2,27.5
大津,2018,4,22,19.4,26.9
大津,2018,4,23,19.7,25.6
大津,2018,4,24,17.9,19.0
大津,2018,4,25,15.8,17.4
大津,2018,4,26,15.9,21.9
大津,2018,4,27,16.1,23.2
大津,2018,4,28,15.6,22.1
大津,2018,4,29,17.9,26.8
大津,2018,4,30,18.0,22.7
大津,2018,5,1,20.3,28.1
大津,2018,5,2,18.5,20.5
大津,2018,5,3,17.1,20.9
大津,2018,5,4,14.9,18.9
大津,2018,5,5,18.3,24.2
大津,2018,5,6,17.4,26.7
大津,2018,5,7,15.9,17.2
大津,2018,5,8,16.1,18.9
大津,2018,5,9,14.7,18.5
大津,2018,5,10,13.5,19.3
大津,2018,5,11,15.6,24.3
大津,2018,5,12,18.6,25.2
大津,2018,5,13,16.9,18.7
大津,2018,5,14,19.4,24.1
大津,2018,5,15,19.7,28.2
大津,2018,5,16,22.5,30.2
大津,2018,5,17,23.8,28.3
大津,2018,5,18,23.9,27.6
大津,2018,5,19,16.0,22.5
大津,2018,5,20,16.9,22.1
大津,2018,5,21,19.5,26.9
大津,2018,5,22,19.5,26.8
大津,2018,5,23,18.0,19.8
大津,2018,5,24,20.0,25.4
大津,2018,5,25,20.9,29.2
大津,2018,5,26,21.8,28.6
大津,2018,5,27,22.4,28.9
大津,2018,5,28,22.7,26.2
大津,2018,5,29,22.6,27.2
大津,2018,5,30,18.8,21.4
大津,2018,5,31,17.7,20.4
大津,2018,6,1,19.2,25.1
大津,2018,6,2,21.0,29.0
大津,2018,6,3,22.2,29.1
大津,2018,6,4,22.9,29.4
大津,2018,6,5,21.3,25.5
大津,2018,6,6,19.0,20.1
大津,2018,6,7,22.6,27.5
大津,2018,6,8,22.7,25.1
大津,2018,6,9,22.9,27.7
大津,2018,6,10,20.5,23.5
大津,2018,6,11,22.5,26.8
大津,2018,6,12,21.2,24.8
大津,2018,6,13,19.8,24.8
大津,2018,6,14,19.7,24.9
大津,2018,6,15,19.6,22.4
大津,2018,6,16,19.4,24.7
大津,2018,6,17,20.8,27.7
大津,2018,6,18,21.8,26.2
大津,2018,6,19,22.5,27.2
大津,2018,6,20,21.4,23.2
大津,2018,6,21,22.5,27.1
大津,2018,6,22,23.0,29.5
大津,2018,6,23,20.1,22.9
大津,2018,6,24,23.7,30.0
大津,2018,6,25,26.3,33.8
大津,2018,6,26,27.1,32.6
大津,2018,6,27,28.2,32.3
大津,2018,6,28,28.2,32.1
大津,2018,6,29,26.0,31.3
大津,2018,6,30,26.6,33.4
大津,2018,7,1,27.9,33.2
大津,2018,7,2,27.0,33.1
大津,2018,7,3,26.8,31.6
大津,2018,7,4,27.0,29.4
大津,2018,7,5,24.5,26.9
大津,2018,7,6,23.0,24.3
大津,2018,7,7,23.5,26.4
大津,2018,7,8,25.7,31.6
大津,2018,7,9,27.4,32.8
大津,2018,7,10,28.1,33.9
大津,2018,7,11,28.3,32.7
大津,2018,7,12,27.9,32.9
大津,2018,7,13,28.2,33.3
大津,2018,7,14,29.4,35.8
大津,2018,7,15,30.5,37.0
大津,2018,7,16,30.9,36.7
大津,2018,7,17,31.0,35.9
大津,2018,7,18,31.0,37.4
大津,2018,7,19,30.2,36.8
大津,2018,7,20,30.6,36.9
大津,2018,7,21,30.9,36.7
大津,2018,7,22,31.2,37.0
大津,2018,7,23,31.2,36.8
大津,2018,7,24,30.1,36.1
大津,2018,7,25,29.7,35.8
大津,2018,7,26,30.4,36.1
大津,2018,7,27,29.5,35.3
大津,2018,7,28,28.2,33.6
大津,2018,7,29,26.5,29.9
大津,2018,7,30,28.3,33.1
大津,2018,7,31,29.4,34.9
大津,2018,8,1,29.7,36.2
大津,2018,8,2,30.6,36.5
大津,2018,8,3,30.7,37.6
大津,2018,8,4,29.4,36.2
大津,2018,8,5,30.1,36.9
大津,2018,8,6,30.1,36.0
大津,2018,8,7,28.3,34.0
大津,2018,8,8,26.6,32.1
大津,2018,8,9,28.2,32.0
大津,2018,8,10,28.7,33.3
大津,2018,8,11,29.7,35.3
大津,2018,8,12,30.2,35.9
大津,2018,8,13,29.7,38.0
大津,2018,8,14,30.4,37.5
大津,2018,8,15,28.5,32.5
大津,2018,8,16,27.3,30.4
大津,2018,8,17,24.8,29.3
大津,2018,8,18,23.8,32.1
大津,2018,8,19,25.1,31.1
大津,2018,8,20,25.9,30.9
大津,2018,8,21,28.9,34.1
大津,2018,8,22,30.4,37.0
大津,2018,8,23,27.1,29.7
大津,2018,8,24,29.0,33.7
大津,2018,8,25,29.7,33.5
大津,2018,8,26,29.5,35.0
大津,2018,8,27,29.2,34.3
大津,2018,8,28,27.7,31.8
大津,2018,8,29,28.6,34.7
大津,2018,8,30,29.0,34.7
大津,2018,8,31,27.4,33.5
大津,2018,9,1,24.5,26.8
大津,2018,9,2,24.5,29.4
大津,2018,9,3,26.5,31.9
大津,2018,9,4,26.2,30.4
大津,2018,9,5,26.5,31.2
大津,2018,9,6,25.2,29.8
大津,2018,9,7,25.2,29.1
大津,2018,9,8,22.8,24.3
大津,2018,9,9,24.1,27.7
大津,2018,9,10,22.9,24.8
大津,2018,9,11,22.9,27.3
大津,2018,9,12,21.2,22.6
大津,2018,9,13,22.4,25.9
大津,2018,9,14,21.5,22.8
大津,2018,9,15,23.6,26.7
大津,2018,9,16,25.0,27.8
大津,2018,9,17,23.7,27.4
大津,2018,9,18,23.0,27.9
大津,2018,9,19,22.7,28.8
大津,2018,9,20,19.2,20.6
大津,2018,9,21,20.8,22.9
大津,2018,9,22,23.0,27.7
大津,2018,9,23,21.8,28.2
大津,2018,9,24,22.5,27.6
大津,2018,9,25,20.2,22.5
大津,2018,9,26,18.5,23.6
大津,2018,9,27,18.7,22.9
大津,2018,9,28,20.0,26.4
大津,2018,9,29,17.8,18.9
大津,2018,9,30,22.0,24.7
大津,2018,10,1,21.7,24.7
大津,2018,10,2,19.0,24.4
大津,2018,10,3,19.4,24.8
大津,2018,10,4,18.7,20.5
大津,2018,10,5,22.5,24.5
大津,2018,10,6,25.5,30.3
大津,2018,10,7,22.7,26.1
大津,2018,10,8,20.7,26.8
大津,2018,10,9,19.6,25.4
大津,2018,10,10,19.1,21.6
大津,2018,10,11,18.9,21.1
大津,2018,10,12,17.2,20.8
大津,2018,10,13,16.5,20.6
大津,2018,10,14,18.0,22.6
大津,2018,10,15,17.3,21.9
大津,2018,10,16,17.1,22.0
大津,2018,10,17,17.6,22.3
大津,2018,10,18,16.8,22.9
大津,2018,10,19,17.0,22.7
大津,2018,10,20,15.2,20.1
大津,2018,10,21,14.8,22.4
大津,2018,10,22,15.6,22.7
大津,2018,10,23,16.4,19.8
大津,2018,10,24,17.1,22.1
大津,2018,10,25,15.0,22.0
大津,2018,10,26,16.0,22.4
大津,2018,10,27,17.4,22.8
大津,2018,10,28,14.6,20.1
大津,2018,10,29,14.8,20.5
大津,2018,10,30,15.4,19.5
大津,2018,10,31,13.2,16.4
大津,2018,11,1,12.7,16.9
大津,2018,11,2,12.0,16.7
大津,2018,11,3,12.4,18.5
大津,2018,11,4,14.0,16.5
大津,2018,11,5,16.4,21.2
大津,2018,11,6,16.6,21.7
大津,2018,11,7,15.6,22.7
大津,2018,11,8,15.8,21.0
大津,2018,11,9,17.9,19.6
大津,2018,11,10,16.0,19.9
大津,2018,11,11,13.6,20.1
大津,2018,11,12,13.9,17.3
大津,2018,11,13,14.5,18.1
大津,2018,11,14,12.2,15.5
大津,2018,11,15,10.9,16.3
大津,2018,11,16,10.8,15.7
大津,2018,11,17,13.0,17.8
大津,2018,11,18,12.5,17.8
大津,2018,11,19,12.1,13.8
大津,2018,11,20,10.3,14.0
大津,2018,11,21,9.9,15.1
大津,2018,11,22,10.7,14.4
大津,2018,11,23,8.4,11.9
大津,2018,11,24,7.4,12.6
大津,2018,11,25,8.6,15.7
大津,2018,11,26,10.3,15.6
大津,2018,11,27,12.4,18.8
大津,2018,11,28,12.2,16.0
大津,2018,11,29,11.1,15.7
大津,2018,11,30,9.4,14.6
大津,2018,12,1,11.6,16.5
大津,2018,12,2,9.8,14.3
大津,2018,12,3,12.8,15.2
大津,2018,12,4,16.2,20.0
大津,2018,12,5,13.6,17.5
大津,2018,12,6,11.2,13.4
大津,2018,12,7,10.8,14.4
大津,2018,12,8,6.7,10.0
大津,2018,12,9,4.8,7.7
大津,2018,12,10,4.7,7.9
大津,2018,12,11,5.4,9.9
大津,2018,12,12,8.6,12.2
大津,2018,12,13,6.9,10.3
大津,2018,12,14,5.2,8.5
大津,2018,12,15,4.6,7.2
大津,2018,12,16,4.2,7.8
大津,2018,12,17,8.3,12.7
大津,2018,12,18,7.5,11.0
大津,2018,12,19,8.2,11.5
大津,2018,12,20,9.0,13.0
大津,2018,12,21,7.5,12.1
大津,2018,12,22,9.8,12.8
大津,2018,12,23,9.9,13.6
大津,2018,12,24,6.8,10.8
大津,2018,12,25,4.4,11.0
大津,2018,12,26,7.2,10.5
大津,2018,12,27,7.6,9.9
大津,2018,12,28,2.3,5.1
大津,2018,12,29,2.4,5.8
大津,2018,12,30,3.0,6.4
大津,2018,12,31,3.4,5.5
大津,2019,1,1,5.4,9.7
大津,2019,1,2,4.9,7.5
大津,2019,1,3,4.0,6.5
大津,2019,1,4,4.5,9.8
大津,2019,1,5,6.9,10.7
大津,2019,1,6,4.3,7.0
大津,2019,1,7,5.4,8.3
大津,2019,1,8,7.1,11.5
大津,2019,1,9,3.2,6.9
大津,2019,1,10,2.9,6.5
大津,2019,1,11,6.2,9.4
大津,2019,1,12,3.5,6.8
大津,2019,1,13,4.8,11.1
大津,2019,1,14,5.0,11.6
大津,2019,1,15,3.1,5.8
大津,2019,1,16,4.6,7.6
大津,2019,1,17,6.0,10.2
大津,2019,1,18,5.0,8.0
大津,2019,1,19,5.3,11.5
大津,2019,1,20,5.8,9.1
大津,2019,1,21,5.3,8.1
大津,2019,1,22,5.5,9.1
大津,2019,1,23,6.0,11.8
大津,2019,1,24,5.1,8.1
大津,2019,1,25,5.4,8.6
大津,2019,1,26,2.1,6.2
大津,2019,1,27,3.1,6.7
大津,2019,1,28,4.2,8.3
大津,2019,1,29,3.7,6.8
大津,2019,1,30,4.0,11.0
大津,2019,1,31,4.3,6.6
大津,2019,2,1,2.9,6.1
大津,2019,2,2,5.7,11.3
大津,2019,2,3,4.6,7.3
大津,2019,2,4,8.4,12.5
大津,2019,2,5,6.6,12.2
大津,2019,2,6,6.8,11.0
大津,2019,2,7,10.1,14.7
大津,2019,2,8,4.7,8.5
大津,2019,2,9,3.7,7.1
大津,2019,2,10,2.4,4.7
大津,2019,2,11,3.1,4.9
大津,2019,2,12,5.1,7.8
大津,2019,2,13,5.5,8.9
大津,2019,2,14,3.0,4.9
大津,2019,2,15,2.7,5.8
大津,2019,2,16,6.2,10.1
大津,2019,2,17,3.9,7.2
大津,2019,2,18,5.2,12.0
大津,2019,2,19,7.1,9.4
大津,2019,2,20,9.9,13.8
大津,2019,2,21,6.9,8.0
大津,2019,2,22,6.9,10.9
大津,2019,2,23,7.3,12.1
大津,2019,2,24,5.9,11.7
大津,2019,2,25,8.0,16.1
大津,2019,2,26,7.9,13.6
大津,2019,2,27,6.2,10.9
大津,2019,2,28,8.9,10.7
大津,2019,3,1,9.1,13.7
大津,2019,3,2,7.4,14.9
大津,2019,3,3,7.3,8.4
大津,2019,3,4,8.4,10.6
大津,2019,3,5,10.0,15.9
大津,2019,3,6,8.7,12.7
大津,2019,3,7,7.9,10.6
大津,2019,3,8,5.4,9.9
大津,2019,3,9,6.5,15.1
大津,2019,3,10,8.5,10.7
大津,2019,3,11,10.5,13.5
大津,2019,3,12,8.6,15.0
大津,2019,3,13,7.2,10.1
大津,2019,3,14,5.4,9.0
大津,2019,3,15,6.6,14.4
大津,2019,3,16,6.1,9.9
大津,2019,3,17,5.0,10.5
大津,2019,3,18,7.0,13.1
大津,2019,3,19,9.6,15.1
大津,2019,3,20,12.2,19.9
大津,2019,3,21,13.9,18.4
大津,2019,3,22,10.4,14.5
大津,2019,3,23,6.7,9.9
大津,2019,3,24,5.9,11.2
大津,2019,3,25,8.3,14.1
大津,2019,3,26,10.9,18.0
大津,2019,3,27,13.2,17.7
大津,2019,3,28,11.7,15.5
大津,2019,3,29,9.2,14.3
大津,2019,3,30,9.7,13.5
大津,2019,3,31,9.4,12.3
大津,2019,4,1,6.7,10.6
大津,2019,4,2,5.6,9.9
大津,2019,4,3,5.7,11.5
大津,2019,4,4,9.1,16.1
大津,2019,4,5,13.0,19.4
大津,2019,4,6,13.1,20.0
大津,2019,4,7,12.9,19.7
大津,2019,4,8,13.3,18.7
大津,2019,4,9,11.3,15.6
大津,2019,4,10,7.9,10.2
大津,2019,4,11,9.6,12.6
大津,2019,4,12,10.0,17.0
大津,2019,4,13,11.2,18.4
大津,2019,4,14,11.3,13.9
大津,2019,4,15,12.4,16.3
大津,2019,4,16,12.4,20.0
大津,2019,4,17,13.2,20.8
大津,2019,4,18,15.7,23.1
大津,2019,4,19,14.9,21.1
大津,2019,4,20,13.4,20.7
大津,2019,4,21,16.6,22.8
大津,2019,4,22,18.6,24.7
大津,2019,4,23,18.0,25.2
大津,2019,4,24,18.8,21.6
大津,2019,4,25,18.1,21.1
大津,2019,4,26,15.5,22.3
大津,2019,4,27,10.6,12.5
大津,2019,4,28,11.3,17.3
大津,2019,4,29,13.0,17.5
大津,2019,4,30,15.1,18.7
大津,2019,5,1,15.6,17.8
大津,2019,5,2,16.5,22.7
大津,2019,5,3,16.4,22.6
大津,2019,5,4,17.5,26.7
大津,2019,5,5,17.6,27.2
大津,2019,5,6,17.3,25.2
大津,2019,5,7,13.3,18.1
大津,2019,5,8,14.6,23.4
大津,2019,5,9,15.8,21.9
大津,2019,5,10,17.9,24.5
大津,2019,5,11,19.7,28.3
大津,2019,5,12,19.5,27.9
大津,2019,5,13,20.3,27.2
大津,2019,5,14,18.8,22.8
大津,2019,5,15,19.7,25.9
大津,2019,5,16,20.5,27.5
大津,2019,5,17,21.1,28.3
大津,2019,5,18,19.7,22.5
大津,2019,5,19,20.5,25.9
大津,2019,5,20,19.9,23.0
大津,2019,5,21,19.3,24.6
大津,2019,5,22,18.3,26.3
大津,2019,5,23,20.8,29.4
大津,2019,5,24,21.8,29.4
大津,2019,5,25,23.9,33.2
大津,2019,5,26,24.5,31.3
大津,2019,5,27,24.8,32.9
大津,2019,5,28,19.5,23.4
大津,2019,5,29,18.8,23.9
大津,2019,5,30,19.4,28.0
大津,2019,5,31,19.6,23.8
大津,2019,6,1,21.8,28.0
大津,2019,6,2,20.0,22.9
大津,2019,6,3,23.6,29.4
大津,2019,6,4,23.7,29.8
大津,2019,6,5,24.5,30.2
大津,2019,6,6,24.2,29.6
大津,2019,6,7,19.7,21.8
大津,2019,6,8,20.8,24.3
大津,2019,6,9,20.4,24.9
大津,2019,6,10,19.2,22.6
大津,2019,6,11,20.1,25.3
大津,2019,6,12,20.7,25.5
大津,2019,6,13,22.1,29.0
大津,2019,6,14,21.6,24.4
大津,2019,6,15,19.6,23.5
大津,2019,6,16,19.8,23.6
大津,2019,6,17,20.4,25.8
大津,2019,6,18,21.3,27.6
大津,2019,6,19,23.1,28.5
大津,2019,6,20,24.6,29.7
大津,2019,6,21,22.5,30.8
大津,2019,6,22,23.6,28.9
大津,2019,6,23,22.3,25.9
大津,2019,6,24,22.7,28.4
大津,2019,6,25,23.7,31.1
大津,2019,6,26,24.7,30.8
大津,2019,6,27,24.3,26.8
大津,2019,6,28,25.5,30.0
大津,2019,6,29,26.4,30.7
大津,2019,6,30,25.1,27.4
大津,2019,7,1,24.1,28.2
大津,2019,7,2,24.2,26.7
大津,2019,7,3,24.0,26.7
大津,2019,7,4,24.9,28.5
大津,2019,7,5,23.0,27.1
大津,2019,7,6,23.4,27.2
大津,2019,7,7,24.6,29.5
大津,2019,7,8,24.1,29.5
大津,2019,7,9,23.3,25.0
大津,2019,7,10,24.5,28.7
大津,2019,7,11,21.3,23.5
大津,2019,7,12,23.5,29.8
大津,2019,7,13,22.7,25.9
大津,2019,7,14,22.1,25.6
大津,2019,7,15,23.7,26.6
大津,2019,7,16,25.1,29.8
大津,2019,7,17,26.9,31.7
大津,2019,7,18,24.8,27.5
大津,2019,7,19,24.4,27.2
大津,2019,7,20,25.2,27.3
大津,2019,7,21,26.9,30.3
大津,2019,7,22,25.4,28.2
大津,2019,7,23,25.9,31.8
大津,2019,7,24,27.2,32.8
大津,2019,7,25,27.4,34.0
大津,2019,7,26,27.5,33.2
大津,2019,7,27,24.9,26.4
大津,2019,7,28,27.7,33.4
大津,2019,7,29,29.8,35.5
大津,2019,7,30,30.3,35.7
大津,2019,7,31,29.1,34.0
大津,2019,8,1,30.0,34.8
大津,2019,8,2,29.8,35.3
大津,2019,8,3,30.0,35.6
大津,2019,8,4,29.7,35.4
大津,2019,8,5,29.8,34.3
大津,2019,8,6,29.3,33.1
大津,2019,8,7,30.2,35.2
大津,2019,8,8,30.7,36.4
大津,2019,8,9,30.4,36.4
大津,2019,8,10,30.2,36.6
大津,2019,8,11,30.2,36.2
大津,2019,8,12,29.8,34.4
大津,2019,8,13,30.7,34.9
大津,2019,8,14,28.6,33.2
大津,2019,8,15,28.4,31.9
大津,2019,8,16,29.0,33.2
大津,2019,8,17,29.2,34.6
大津,2019,8,18,29.1,34.4
大津,2019,8,19,27.2,31.8
大津,2019,8,20,26.2,29.3
大津,2019,8,21,29.3,34.5
大津,2019,8,22,29.1,32.9
大津,2019,8,23,23.8,27.5
大津,2019,8,24,25.5,30.3
大津,2019,8,25,25.4,30.3
大津,2019,8,26,25.5,31.4
大津,2019,8,27,23.4,26.4
大津,2019,8,28,25.0,27.0
大津,2019,8,29,27.6,32.0
大津,2019,8,30,25.0,27.2
大津,2019,8,31,24.2,30.3
大津,2019,9,1,24.8,28.9
大津,2019,9,2,26.1,31.7
大津,2019,9,3,27.8,33.0
大津,2019,9,4,26.3,33.1
大津,2019,9,5,26.8,31.7
大津,2019,9,6,27.9,32.8
大津,2019,9,7,27.9,32.5
大津,2019,9,8,29.6,34.5
大津,2019,9,9,30.4,35.7
大津,2019,9,10,28.8,34.4
大津,2019,9,11,26.9,32.8
大津,2019,9,12,25.0,29.0
大津,2019,9,13,23.4,26.2
大津,2019,9,14,25.5,31.2
大津,2019,9,15,26.1,32.6
大津,2019,9,16,25.4,28.6
大津,2019,9,17,25.4,31.0
大津,2019,9,18,24.0,28.7
大津,2019,9,19,21.8,26.5
大津,2019,9,20,20.0,26.5
大津,2019,9,21,19.5,21.6
大津,2019,9,22,23.5,25.0
大津,2019,9,23,25.8,30.4
大津,2019,9,24,22.2,25.3
大津,2019,9,25,22.0,28.4
大津,2019,9,26,23.0,29.5
大津,2019,9,27,24.9,29.0
大津,2019,9,28,24.9,29.6
大津,2019,9,29,25.4,30.5
大津,2019,9,30,25.8,30.8
大津,2019,10,1,24.6,31.7
大津,2019,10,2,24.0,27.9
大津,2019,10,3,24.0,28.8
大津,2019,10,4,23.3,27.1
大津,2019,10,5,21.9,26.7
大津,2019,10,6,20.4,25.1
大津,2019,10,7,19.9,26.1
大津,2019,10,8,20.1,22.2
大津,2019,10,9,18.2,23.0
大津,2019,10,10,19.5,25.7
大津,2019,10,11,23.3,27.2
大津,2019,10,12,21.2,22.8
大津,2019,10,13,18.9,21.6
大津,2019,10,14,17.5,18.7
大津,2019,10,15,17.2,21.4
大津,2019,10,16,15.1,21.1
大津,2019,10,17,16.8,20.0
大津,2019,10,18,18.5,20.8
大津,2019,10,19,19.3,21.0
大津,2019,10,20,18.9,23.6
大津,2019,10,21,17.8,20.8
大津,2019,10,22,18.8,23.3
大津,2019,10,23,18.6,23.3
大津,2019,10,24,17.4,19.5
大津,2019,10,25,16.9,18.6
大津,2019,10,26,18.4,21.7
大津,2019,10,27,17.8,22.7
大津,2019,10,28,16.1,21.3
大津,2019,10,29,14.7,16.6
大津,2019,10,30,15.8,21.2
大津,2019,10,31,15.2,21.5
大津,2019,11,1,16.0,22.1
大津,2019,11,2,14.3,19.3
大津,2019,11,3,14.1,18.3
大津,2019,11,4,13.9,18.0
大津,2019,11,5,12.2,18.7
大津,2019,11,6,12.0,19.9
大津,2019,11,7,13.5,20.1
大津,2019,11,8,13.3,17.8
大津,2019,11,9,11.8,19.1
大津,2019,11,10,13.3,18.8
大津,2019,11,11,12.2,17.4
大津,2019,11,12,15.2,19.7
大津,2019,11,13,13.4,20.3
大津,2019,11,14,12.6,15.9
大津,2019,11,15,9.9,14.7
大津,2019,11,16,11.3,17.9
大津,2019,11,17,13.2,17.8
大津,2019,11,18,13.7,19.4
大津,2019,11,19,12.6,15.7
大津,2019,11,20,9.0,11.6
大津,2019,11,21,9.1,14.4
大津,2019,11,22,9.7,12.9
大津,2019,11,23,13.8,19.1
大津,2019,11,24,14.2,20.1
大津,2019,11,25,14.4,17.3
大津,2019,11,26,11.7,14.6
大津,2019,11,27,11.7,14.3
大津,2019,11,28,9.1,11.3
大津,2019,11,29,7.2,11.3
大津,2019,11,30,6.2,10.4
大津,2019,12,1,6.8,12.7
大津,2019,12,2,10.9,13.7
大津,2019,12,3,8.1,10.3
大津,2019,12,4,7.5,12.0
大津,2019,12,5,7.2,10.6
大津,2019,12,6,6.0,8.8
大津,2019,12,7,6.0,8.6
大津,2019,12,8,7.0,10.8
大津,2019,12,9,5.7,12.9
大津,2019,12,10,7.5,13.6
大津,2019,12,11,7.4,11.5
大津,2019,12,12,9.2,12.0
大津,2019,12,13,6.4,10.3
大津,2019,12,14,7.3,13.9
大津,2019,12,15,7.4,11.7
大津,2019,12,16,5.9,11.5
大津,2019,12,17,10.4,11.4
大津,2019,12,18,11.8,13.9
大津,2019,12,19,8.7,10.3
大津,2019,12,20,9.0,12.3
大津,2019,12,21,7.3,10.0
大津,2019,12,22,6.2,9.1
大津,2019,12,23,7.9,12.2
大津,2019,12,24,7.4,12.1
大津,2019,12,25,5.6,11.5
大津,2019,12,26,8.0,10.0
大津,2019,12,27,7.8,11.1
大津,2019,12,28,5.0,8.2
大津,2019,12,29,5.5,9.3
大津,2019,12,30,8.1,9.5
大津,2019,12,31,7.7,11.5
